{
  "method": "Andreff1999",
  "mode": "Eye-to-Hand",
  "transformation_matrix": [
    [
      -0.24612570780123819,
      -0.888837110285251,
      0.38651096664791224,
      0.03954501885977632
    ],
    [
      -0.9683769318420629,
      0.24231319271154125,
      -0.05941745967384069,
      -0.017391442199262235
    ],
    [
      -0.04084426318949271,
      -0.3889124683237905,
      -0.9203688598311028,
      0.5173301050670445
    ],
    [
      0.0,
      0.0,
      0.0,
      1.0
    ]
  ],
  "rotation_matrix": [
    [
      -0.24612570780123819,
      -0.888837110285251,
      0.38651096664791224
    ],
    [
      -0.9683769318420629,
      0.24231319271154125,
      -0.05941745967384069
    ],
    [
      -0.04084426318949271,
      -0.3889124683237905,
      -0.9203688598311028
    ]
  ],
  "quaternion": {
    "x": -0.5983163793759794,
    "y": 0.776016713792925,
    "z": -0.14443307728719396,
    "w": 0.13767591027409298
  },
  "translation": [
    0.03954501885977632,
    -0.017391442199262235,
    0.5173301050670445
  ],
  "num_samples": 10
}