{
  "method": "Tsai1989",
  "mode": "Eye-to-Hand",
  "transformation_matrix": [
    [
      -0.7550002921776582,
      -0.3639139529591476,
      0.5454733665847472,
      0.06838372247960525
    ],
    [
      -0.4720679605555838,
      0.8790153895395891,
      -0.06696107503211245,
      -0.21289284242985274
    ],
    [
      -0.4551114143026326,
      -0.3080561309148249,
      -0.8354489935221934,
      0.5285683492605405
    ],
    [
      0.0,
      0.0,
      0.0,
      1.0
    ]
  ],
  "rotation_matrix": [
    [
      -0.7550002921776582,
      -0.3639139529591476,
      0.5454733665847472
    ],
    [
      -0.4720679605555838,
      0.8790153895395891,
      -0.06696107503211245
    ],
    [
      -0.4551114143026326,
      -0.3080561309148249,
      -0.8354489935221934
    ]
  ],
  "quaternion": {
    "x": -0.22440661298463663,
    "y": 0.9313249533915969,
    "z": -0.10066765756174602,
    "w": 0.2685917458894342
  },
  "translation": [
    0.06838372247960525,
    -0.21289284242985274,
    0.5285683492605405
  ],
  "num_samples": 10
}