{
  "method": "Daniilidis1998",
  "mode": "Eye-to-Hand",
  "transformation_matrix": [
    [
      -0.29622432577942237,
      -0.8842428818609136,
      0.3610618710066651,
      -0.2730709523099498
    ],
    [
      -0.9546244041354128,
      0.2862575224789138,
      -0.08215155417484513,
      0.012694039517554767
    ],
    [
      -0.03071474964305118,
      -0.36901376221293003,
      -0.928916275803059,
      1.9773889774750246
    ],
    [
      0.0,
      0.0,
      0.0,
      1.0
    ]
  ],
  "rotation_matrix": [
    [
      -0.29622432577942237,
      -0.8842428818609136,
      0.3610618710066651
    ],
    [
      -0.9546244041354128,
      0.2862575224789138,
      -0.08215155417484513
    ],
    [
      -0.03071474964305118,
      -0.36901376221293003,
      -0.928916275803059
    ]
  ],
  "quaternion": {
    "x": -0.5801798056518175,
    "y": 0.7923695671940896,
    "z": -0.14234687167044585,
    "w": 0.12360918341332236
  },
  "translation": [
    -0.2730709523099498,
    0.012694039517554767,
    1.9773889774750246
  ],
  "num_samples": 10
}