{
  "method": "Park1994",
  "mode": "Eye-to-Hand",
  "transformation_matrix": [
    [
      0.05995646502104002,
      -0.9046670403707455,
      0.4218800402590901,
      -0.2000787866677669
    ],
    [
      -0.9883357629498815,
      -0.11307409098694102,
      -0.1020130855420831,
      -0.0398461107115351
    ],
    [
      0.13999157823428554,
      -0.41084278746778835,
      -0.9008943123414479,
      1.305506309110322
    ],
    [
      0.0,
      0.0,
      0.0,
      1.0
    ]
  ],
  "rotation_matrix": [
    [
      0.05995646502104002,
      -0.9046670403707455,
      0.4218800402590901
    ],
    [
      -0.9883357629498815,
      -0.11307409098694102,
      -0.1020130855420831
    ],
    [
      0.13999157823428554,
      -0.41084278746778835,
      -0.9008943123414479
    ]
  ],
  "quaternion": {
    "x": 0.7200563985462178,
    "y": -0.657241157478269,
    "z": 0.1950790311799802,
    "w": -0.10722413638335239
  },
  "translation": [
    -0.2000787866677669,
    -0.0398461107115351,
    1.305506309110322
  ],
  "num_samples": 10
}