{
  "method": "Horaud1995",
  "mode": "Eye-to-Hand",
  "transformation_matrix": [
    [
      0.05852377791185348,
      -0.9057156378835899,
      0.4198263339906696,
      -0.19999416523059232
    ],
    [
      -0.9884978537071999,
      -0.11132327802435582,
      -0.10236757780747882,
      -0.04012506674890602
    ],
    [
      0.1394523597332883,
      -0.4090064926905599,
      -0.9018130229164929,
      1.3056870968681205
    ],
    [
      0.0,
      0.0,
      0.0,
      1.0
    ]
  ],
  "rotation_matrix": [
    [
      0.05852377791185348,
      -0.9057156378835899,
      0.4198263339906696
    ],
    [
      -0.9884978537071999,
      -0.11132327802435582,
      -0.10236757780747882
    ],
    [
      0.1394523597332883,
      -0.4090064926905599,
      -0.9018130229164929
    ]
  ],
  "quaternion": {
    "x": 0.7196631293273095,
    "y": -0.6580208900521861,
    "z": 0.19428489210178537,
    "w": -0.10652168437811511
  },
  "translation": [
    -0.19999416523059232,
    -0.04012506674890602,
    1.3056870968681205
  ],
  "num_samples": 10
}