{
    "rgb_camera_info": {
        "header": {
            "stamp": {
                "sec": 1775360439,
                "nanosec": 732135254
            },
            "frame_id": "camera_color_optical_frame"
        },
        "height": 720,
        "width": 1280,
        "distortion_model": "plumb_bob",
        "d": [
            0.0,
            0.0,
            0.0,
            0.0,
            0.0
        ],
        "k": [
            911.125,
            0.0,
            644.6538696289062,
            0.0,
            910.3955688476562,
            372.376953125,
            0.0,
            0.0,
            1.0
        ],
        "r": [
            1.0,
            0.0,
            0.0,
            0.0,
            1.0,
            0.0,
            0.0,
            0.0,
            1.0
        ],
        "p": [
            911.125,
            0.0,
            644.6538696289062,
            0.0,
            0.0,
            910.3955688476562,
            372.376953125,
            0.0,
            0.0,
            0.0,
            1.0,
            0.0
        ],
        "binning_x": 0,
        "binning_y": 0,
        "roi": {
            "x_offset": 0,
            "y_offset": 0,
            "height": 0,
            "width": 0,
            "do_rectify": false
        }
    }
}