{
  "method": "Andreff1999",
  "mode": "Eye-to-Hand",
  "transformation_matrix": [
    [
      0.031216704230489764,
      -0.7514300734616964,
      0.6590738669332411,
      0.07023494697785654
    ],
    [
      -0.9848381419092579,
      0.08945261025358876,
      0.14863399597514879,
      -0.008943959624252193
    ],
    [
      -0.1706439322616164,
      -0.653720945982435,
      -0.7372445816458224,
      0.6094693763502209
    ],
    [
      0.0,
      0.0,
      0.0,
      1.0
    ]
  ],
  "rotation_matrix": [
    [
      0.031216704230489764,
      -0.7514300734616964,
      0.6590738669332411
    ],
    [
      -0.9848381419092579,
      0.08945261025358876,
      0.14863399597514879
    ],
    [
      -0.1706439322616164,
      -0.653720945982435,
      -0.7372445816458224
    ]
  ],
  "quaternion": {
    "x": -0.6478828357856696,
    "y": 0.6699777025522792,
    "z": -0.18847155214388406,
    "w": 0.30960649736328855
  },
  "translation": [
    0.07023494697785654,
    -0.008943959624252193,
    0.6094693763502209
  ],
  "num_samples": 9
}