{
  "method": "Horaud1995",
  "mode": "Eye-to-Hand",
  "transformation_matrix": [
    [
      0.043205112234320456,
      -0.7478110124974523,
      0.6625043455437526,
      -0.0077743556214719955
    ],
    [
      -0.9844633533808839,
      0.08109685991484729,
      0.15574082689525454,
      -0.0367197382844284
    ],
    [
      -0.17019172755127032,
      -0.6589400495488855,
      -0.7326887381239241,
      0.8738536812887193
    ],
    [
      0.0,
      0.0,
      0.0,
      1.0
    ]
  ],
  "rotation_matrix": [
    [
      0.043205112234320456,
      -0.7478110124974523,
      0.6625043455437526
    ],
    [
      -0.9844633533808839,
      0.08109685991484729,
      0.15574082689525454
    ],
    [
      -0.17019172755127032,
      -0.6589400495488855,
      -0.7326887381239241
    ]
  ],
  "quaternion": {
    "x": -0.6509218444720143,
    "y": 0.6653158058028628,
    "z": -0.1890828454189513,
    "w": 0.3128950439145871
  },
  "translation": [
    -0.0077743556214719955,
    -0.0367197382844284,
    0.8738536812887193
  ],
  "num_samples": 9
}