{
  "method": "Daniilidis1998",
  "mode": "Eye-to-Hand",
  "transformation_matrix": [
    [
      0.12125050948632263,
      -0.7306754736570604,
      0.6718717631701284,
      -0.01780490034142926
    ],
    [
      -0.9834610017095766,
      0.0033172877348925656,
      0.18108962896444258,
      -0.03232300241449318
    ],
    [
      -0.1345465423773602,
      -0.6827168870023019,
      -0.7181886104194236,
      0.8526598007655476
    ],
    [
      0.0,
      0.0,
      0.0,
      1.0
    ]
  ],
  "rotation_matrix": [
    [
      0.12125050948632263,
      -0.7306754736570604,
      0.6718717631701284
    ],
    [
      -0.9834610017095766,
      0.0033172877348925656,
      0.18108962896444258
    ],
    [
      -0.1345465423773602,
      -0.6827168870023019,
      -0.7181886104194236
    ]
  ],
  "quaternion": {
    "x": 0.677517865478626,
    "y": -0.6325060056370995,
    "z": 0.19826976090629733,
    "w": -0.3187393868044044
  },
  "translation": [
    -0.01780490034142926,
    -0.03232300241449318,
    0.8526598007655476
  ],
  "num_samples": 9
}