{
  "method": "Park1994",
  "mode": "Eye-to-Hand",
  "transformation_matrix": [
    [
      0.04284405227565535,
      -0.7475414581566291,
      0.6628319210187996,
      -0.007781974576284767
    ],
    [
      -0.9847611504533402,
      0.08032963126281434,
      0.15424858799680408,
      -0.03670777392534785
    ],
    [
      -0.1685522581943916,
      -0.6593397596672661,
      -0.7327081394248776,
      0.8738360360609069
    ],
    [
      0.0,
      0.0,
      0.0,
      1.0
    ]
  ],
  "rotation_matrix": [
    [
      0.04284405227565535,
      -0.7475414581566291,
      0.6628319210187996
    ],
    [
      -0.9847611504533402,
      0.08032963126281434,
      0.15424858799680408
    ],
    [
      -0.1685522581943916,
      -0.6593397596672661,
      -0.7327081394248776
    ]
  ],
  "quaternion": {
    "x": -0.6510035638223557,
    "y": 0.6652431357053094,
    "z": -0.1898144996020805,
    "w": 0.312436211134963
  },
  "translation": [
    -0.007781974576284767,
    -0.03670777392534785,
    0.8738360360609069
  ],
  "num_samples": 9
}