{
  "method": "Tsai1989",
  "mode": "Eye-to-Hand",
  "transformation_matrix": [
    [
      0.2047285848228031,
      -0.7049502403883163,
      0.6790665395474196,
      -0.010709814589288047
    ],
    [
      -0.9714804159951951,
      -0.061548517220065824,
      0.2289925356115648,
      -0.04458155846285536
    ],
    [
      -0.11963280442359786,
      -0.7065811620786859,
      -0.6974460936167604,
      0.8607088695647667
    ],
    [
      0.0,
      0.0,
      0.0,
      1.0
    ]
  ],
  "rotation_matrix": [
    [
      0.2047285848228031,
      -0.7049502403883163,
      0.6790665395474196
    ],
    [
      -0.9714804159951951,
      -0.061548517220065824,
      0.2289925356115648
    ],
    [
      -0.11963280442359786,
      -0.7065811620786859,
      -0.6974460936167604
    ]
  ],
  "quaternion": {
    "x": 0.7006645409287581,
    "y": -0.5981573771955612,
    "z": 0.19960826559821,
    "w": -0.3338165566542412
  },
  "translation": [
    -0.010709814589288047,
    -0.04458155846285536,
    0.8607088695647667
  ],
  "num_samples": 9
}