{
  "method": "Park1994",
  "mode": "Eye-to-Hand",
  "transformation_matrix": [
    [
      -0.04318104674619505,
      0.6782698759582302,
      -0.733543027074302,
      0.04730559464218033
    ],
    [
      -0.9981686450583451,
      0.0018448782440090294,
      0.06046447259874635,
      -1.3924417013206583
    ],
    [
      -0.042364527901156634,
      -0.7348105686446385,
      -0.6769480592951945,
      0.32007578036398643
    ],
    [
      0.0,
      0.0,
      0.0,
      1.0
    ]
  ],
  "rotation_matrix": [
    [
      -0.04318104674619505,
      0.6782698759582302,
      -0.733543027074302
    ],
    [
      -0.9981686450583451,
      0.0018448782440090294,
      0.06046447259874635
    ],
    [
      -0.042364527901156634,
      -0.7348105686446385,
      -0.6769480592951945
    ]
  ],
  "quaternion": {
    "x": -0.15994938455007593,
    "y": 0.8609869921427987,
    "z": -0.337173048022985,
    "w": -0.3455892495866126
  },
  "translation": [
    0.04730559464218033,
    -1.3924417013206583,
    0.32007578036398643
  ],
  "num_samples": 10
}