{
  "method": "Horaud1995",
  "mode": "Eye-to-Hand",
  "transformation_matrix": [
    [
      -0.092031020226371,
      0.9073238607688469,
      0.4102361551540873,
      0.023778263005117192
    ],
    [
      -0.989509377412284,
      -0.037256810436363086,
      -0.13958195474080481,
      -0.2101614117261818
    ],
    [
      -0.11136194740237135,
      -0.4187783921785172,
      0.9012342508555296,
      0.44810498604968574
    ],
    [
      0.0,
      0.0,
      0.0,
      1.0
    ]
  ],
  "rotation_matrix": [
    [
      -0.092031020226371,
      0.9073238607688469,
      0.4102361551540873
    ],
    [
      -0.989509377412284,
      -0.037256810436363086,
      -0.13958195474080481
    ],
    [
      -0.11136194740237135,
      -0.4187783921785172,
      0.9012342508555296
    ]
  ],
  "quaternion": {
    "x": 0.10487080069597841,
    "y": -0.19592087620674722,
    "z": 0.7124819438972231,
    "w": -0.6655723890368344
  },
  "translation": [
    0.023778263005117192,
    -0.2101614117261818,
    0.44810498604968574
  ],
  "num_samples": 10
}