{
  "method": "Tsai1989",
  "mode": "Eye-to-Hand",
  "transformation_matrix": [
    [
      0.20305255789792165,
      0.9328483960714863,
      0.2975962511154443,
      0.06202409773521073
    ],
    [
      -0.9334923970410168,
      0.27616651841910245,
      -0.22874439615187994,
      -0.08228973779159088
    ],
    [
      -0.29556996362575105,
      -0.23135670306072179,
      0.9268832032954017,
      0.4579943571194107
    ],
    [
      0.0,
      0.0,
      0.0,
      1.0
    ]
  ],
  "rotation_matrix": [
    [
      0.20305255789792165,
      0.9328483960714863,
      0.2975962511154443
    ],
    [
      -0.9334923970410168,
      0.27616651841910245,
      -0.22874439615187994
    ],
    [
      -0.29556996362575105,
      -0.23135670306072179,
      0.9268832032954017
    ]
  ],
  "quaternion": {
    "x": -0.0008420486056919078,
    "y": 0.1912006519508883,
    "z": -0.601594574231346,
    "w": 0.7755807952129208
  },
  "translation": [
    0.06202409773521073,
    -0.08228973779159088,
    0.4579943571194107
  ],
  "num_samples": 10
}