{
  "method": "Andreff1999",
  "mode": "Eye-to-Hand",
  "transformation_matrix": [
    [
      0.06283772671194315,
      -0.5672905189308264,
      0.8211168535798479,
      0.14658035681919462
    ],
    [
      -0.9977707529008026,
      -0.054233221300750645,
      0.0388880748187591,
      -0.45310698181108944
    ],
    [
      0.02247097588981728,
      -0.8217300194337175,
      -0.5694337805259023,
      0.6062590529104449
    ],
    [
      0.0,
      0.0,
      0.0,
      1.0
    ]
  ],
  "rotation_matrix": [
    [
      0.06283772671194315,
      -0.5672905189308264,
      0.8211168535798479
    ],
    [
      -0.9977707529008026,
      -0.054233221300750645,
      0.0388880748187591
    ],
    [
      0.02247097588981728,
      -0.8217300194337175,
      -0.5694337805259023
    ]
  ],
  "quaternion": {
    "x": 0.6493274845058147,
    "y": -0.602570085656683,
    "z": 0.3247929009626386,
    "w": -0.33134978681345567
  },
  "translation": [
    0.14658035681919462,
    -0.45310698181108944,
    0.6062590529104449
  ],
  "num_samples": 10
}