{
  "method": "Daniilidis1998",
  "mode": "Eye-to-Hand",
  "transformation_matrix": [
    [
      -0.6404792330536928,
      -0.30149014748529546,
      0.706321486998837,
      0.33404470554231713
    ],
    [
      -0.75337176758966,
      0.425162975350516,
      -0.501664653119918,
      1.7173592600292187
    ],
    [
      -0.14905479470914268,
      -0.8534284594272628,
      -0.499442221697189,
      1.5649478359461486
    ],
    [
      0.0,
      0.0,
      0.0,
      1.0
    ]
  ],
  "rotation_matrix": [
    [
      -0.6404792330536928,
      -0.30149014748529546,
      0.706321486998837
    ],
    [
      -0.75337176758966,
      0.425162975350516,
      -0.501664653119918
    ],
    [
      -0.14905479470914268,
      -0.8534284594272628,
      -0.499442221697189
    ]
  ],
  "quaternion": {
    "x": -0.32931748104715763,
    "y": 0.80079404813307,
    "z": -0.4230466983696918,
    "w": 0.2670400347324509
  },
  "translation": [
    0.33404470554231713,
    1.7173592600292187,
    1.5649478359461486
  ],
  "num_samples": 10
}