{
    "rgb_camera_info": {
        "header": {
            "stamp": {
                "sec": 1773883076,
                "nanosec": 680022705
            },
            "frame_id": "camera_color_optical_frame"
        },
        "height": 1080,
        "width": 1920,
        "distortion_model": "plumb_bob",
        "d": [
            0.0,
            0.0,
            0.0,
            0.0,
            0.0
        ],
        "k": [
            1361.679931640625,
            0.0,
            946.9475708007812,
            0.0,
            1361.548095703125,
            566.2919921875,
            0.0,
            0.0,
            1.0
        ],
        "r": [
            1.0,
            0.0,
            0.0,
            0.0,
            1.0,
            0.0,
            0.0,
            0.0,
            1.0
        ],
        "p": [
            1361.679931640625,
            0.0,
            946.9475708007812,
            0.0,
            0.0,
            1361.548095703125,
            566.2919921875,
            0.0,
            0.0,
            0.0,
            1.0,
            0.0
        ],
        "binning_x": 0,
        "binning_y": 0,
        "roi": {
            "x_offset": 0,
            "y_offset": 0,
            "height": 0,
            "width": 0,
            "do_rectify": false
        }
    }
}