{
  "method": "Tsai1989",
  "mode": "Eye-to-Hand",
  "transformation_matrix": [
    [
      0.10367043368712925,
      -0.7382156738553136,
      0.6665508683164907,
      0.0043910530273935655
    ],
    [
      -0.9850785762495304,
      0.01635584289581682,
      0.1713262531469279,
      -0.023176420530125242
    ],
    [
      -0.1373777267002203,
      -0.6743664473248299,
      -0.7255048276401523,
      0.8178852133630719
    ],
    [
      0.0,
      0.0,
      0.0,
      1.0
    ]
  ],
  "rotation_matrix": [
    [
      0.10367043368712925,
      -0.7382156738553136,
      0.6665508683164907
    ],
    [
      -0.9850785762495304,
      0.01635584289581682,
      0.1713262531469279
    ],
    [
      -0.1373777267002203,
      -0.6743664473248299,
      -0.7255048276401523
    ]
  ],
  "quaternion": {
    "x": 0.6732049127924322,
    "y": -0.6399590293231356,
    "z": 0.1965126559390652,
    "w": -0.3140547121692309
  },
  "translation": [
    0.0043910530273935655,
    -0.023176420530125242,
    0.8178852133630719
  ],
  "num_samples": 12
}