{
  "method": "Horaud1995",
  "mode": "Eye-in-Hand",
  "transformation_matrix": [
    [
      0.05996930703974224,
      0.9931626700270503,
      0.10015784082094983,
      -0.06835572634086788
    ],
    [
      -0.9958117726068051,
      0.052586899419129085,
      0.07478991607948528,
      0.020237793965131288
    ],
    [
      0.06901156244331205,
      -0.10422345644922747,
      0.9921566788440769,
      -0.1107422852270122
    ],
    [
      0.0,
      0.0,
      0.0,
      1.0
    ]
  ],
  "rotation_matrix": [
    [
      0.05996930703974224,
      0.9931626700270503,
      0.10015784082094983
    ],
    [
      -0.9958117726068051,
      0.052586899419129085,
      0.07478991607948528
    ],
    [
      0.06901156244331205,
      -0.10422345644922747,
      0.9921566788440769
    ]
  ],
  "quaternion": {
    "x": -0.06169628995437289,
    "y": 0.010734448464056169,
    "z": -0.6854926098042937,
    "w": 0.725381431610802
  },
  "translation": [
    -0.06835572634086788,
    0.020237793965131288,
    -0.1107422852270122
  ],
  "num_samples": 13
}