{
  "method": "Daniilidis1998",
  "mode": "Eye-to-Hand",
  "transformation_matrix": [
    [
      0.11426603371459415,
      -0.7481989523372456,
      0.6535607096977167,
      0.03126424251508639
    ],
    [
      -0.9839533525689697,
      0.005511971197583676,
      0.17834073606947495,
      0.004837926516952196
    ],
    [
      -0.13703675969396062,
      -0.6634515399748236,
      -0.7355630364541268,
      0.8272260090660721
    ],
    [
      0.0,
      0.0,
      0.0,
      1.0
    ]
  ],
  "rotation_matrix": [
    [
      0.11426603371459415,
      -0.7481989523372456,
      0.6535607096977167
    ],
    [
      -0.9839533525689697,
      0.005511971197583676,
      0.17834073606947495
    ],
    [
      -0.13703675969396062,
      -0.6634515399748236,
      -0.7355630364541268
    ]
  ],
  "quaternion": {
    "x": 0.6790281840562911,
    "y": -0.6377321094976158,
    "z": 0.19017029120875806,
    "w": -0.3099253815267683
  },
  "translation": [
    0.03126424251508639,
    0.004837926516952196,
    0.8272260090660721
  ],
  "num_samples": 12
}