{
  "method": "Daniilidis1998",
  "mode": "Eye-in-Hand",
  "transformation_matrix": [
    [
      0.05845546195508955,
      0.9931758972187049,
      0.10091876015606266,
      -0.06833699724297848
    ],
    [
      -0.995894809667906,
      0.051017841862681435,
      0.07477103642587205,
      0.020020171844491737
    ],
    [
      0.0691121338416181,
      -0.10487524491267827,
      0.9920809926414093,
      -0.11382821818064362
    ],
    [
      0.0,
      0.0,
      0.0,
      1.0
    ]
  ],
  "rotation_matrix": [
    [
      0.05845546195508955,
      0.9931758972187049,
      0.10091876015606266
    ],
    [
      -0.995894809667906,
      0.051017841862681435,
      0.07477103642587205
    ],
    [
      0.0691121338416181,
      -0.10487524491267827,
      0.9920809926414093
    ]
  ],
  "quaternion": {
    "x": -0.06196093013141191,
    "y": 0.010970269666040226,
    "z": -0.6860407584144761,
    "w": 0.7248369293260348
  },
  "translation": [
    -0.06833699724297848,
    0.020020171844491737,
    -0.11382821818064362
  ],
  "num_samples": 13
}