{
  "method": "Park1994",
  "mode": "Eye-to-Hand",
  "transformation_matrix": [
    [
      0.10526607914515562,
      -0.7524710273305661,
      0.6501587541587881,
      0.004031151790411858
    ],
    [
      -0.9830213126874587,
      0.020072289248198816,
      0.18239024646772162,
      -0.02335263413506903
    ],
    [
      -0.15029355070537154,
      -0.6583194180883818,
      -0.7375821258572568,
      0.8175595429057978
    ],
    [
      0.0,
      0.0,
      0.0,
      1.0
    ]
  ],
  "rotation_matrix": [
    [
      0.10526607914515562,
      -0.7524710273305661,
      0.6501587541587881
    ],
    [
      -0.9830213126874587,
      0.020072289248198816,
      0.18239024646772162
    ],
    [
      -0.15029355070537154,
      -0.6583194180883818,
      -0.7375821258572568
    ]
  ],
  "quaternion": {
    "x": 0.6750510935763165,
    "y": -0.6427262901033753,
    "z": 0.18512124793592957,
    "w": -0.31135038242150087
  },
  "translation": [
    0.004031151790411858,
    -0.02335263413506903,
    0.8175595429057978
  ],
  "num_samples": 12
}