{
  "method": "Andreff1999",
  "mode": "Eye-to-Hand",
  "transformation_matrix": [
    [
      0.12224659124503928,
      -0.7509421237589818,
      0.648954310944398,
      0.10417785571462787
    ],
    [
      -0.9823300494345659,
      0.001816388664507368,
      0.18714800215365118,
      0.0272200407780483
    ],
    [
      -0.1417160714486959,
      -0.660365525672388,
      -0.737450966232046,
      0.6357201427648704
    ],
    [
      0.0,
      0.0,
      0.0,
      1.0
    ]
  ],
  "rotation_matrix": [
    [
      0.12224659124503928,
      -0.7509421237589818,
      0.648954310944398
    ],
    [
      -0.9823300494345659,
      0.001816388664507368,
      0.18714800215365118
    ],
    [
      -0.1417160714486959,
      -0.660365525672388,
      -0.737450966232046
    ]
  ],
  "quaternion": {
    "x": 0.6815205735729072,
    "y": -0.635810656495217,
    "z": 0.1860685719421789,
    "w": -0.31089066151844297
  },
  "translation": [
    0.10417785571462787,
    0.0272200407780483,
    0.6357201427648704
  ],
  "num_samples": 12
}