{
  "method": "Horaud1995",
  "mode": "Eye-to-Hand",
  "transformation_matrix": [
    [
      0.10295186858849364,
      -0.7525402657182346,
      0.6504491227043558,
      0.0038977160743636774
    ],
    [
      -0.9832720768779984,
      0.0217855180441498,
      0.1808353229752845,
      -0.02326704637168849
    ],
    [
      -0.15025623310254055,
      -0.6581857941920933,
      -0.7377089702162758,
      0.817603642751553
    ],
    [
      0.0,
      0.0,
      0.0,
      1.0
    ]
  ],
  "rotation_matrix": [
    [
      0.10295186858849364,
      -0.7525402657182346,
      0.6504491227043558
    ],
    [
      -0.9832720768779984,
      0.0217855180441498,
      0.1808353229752845
    ],
    [
      -0.15025623310254055,
      -0.6581857941920933,
      -0.7377089702162758
    ]
  ],
  "quaternion": {
    "x": 0.6743284290241328,
    "y": -0.6435337247712687,
    "z": 0.18544112485576164,
    "w": -0.31105803976764823
  },
  "translation": [
    0.0038977160743636774,
    -0.02326704637168849,
    0.817603642751553
  ],
  "num_samples": 12
}