{
  "method": "Daniilidis1998",
  "mode": "Eye-in-Hand",
  "transformation_matrix": [
    [
      0.05845552699897283,
      0.9931758998561022,
      0.10091869652494782,
      -0.0683369803599659
    ],
    [
      -0.9958948055598409,
      0.051017910711394276,
      0.07477104416531413,
      0.020020166827427514
    ],
    [
      0.06911213802364609,
      -0.10487518644401242,
      0.9920809985309335,
      -0.11382834428620137
    ],
    [
      0.0,
      0.0,
      0.0,
      1.0
    ]
  ],
  "rotation_matrix": [
    [
      0.05845552699897283,
      0.9931758998561022,
      0.10091869652494782
    ],
    [
      -0.9958948055598409,
      0.051017910711394276,
      0.07477104416531413
    ],
    [
      0.06911213802364609,
      -0.10487518644401242,
      0.9920809985309335
    ]
  ],
  "quaternion": {
    "x": -0.06196091057401644,
    "y": 0.010970245912101339,
    "z": -0.6860407350916866,
    "w": 0.7248369534318219
  },
  "translation": [
    -0.0683369803599659,
    0.020020166827427514,
    -0.11382834428620137
  ],
  "num_samples": 13
}