{
  "method": "Tsai1989",
  "mode": "Eye-in-Hand",
  "transformation_matrix": [
    [
      0.058540050650410125,
      0.9928406940346802,
      0.10411733159557023,
      -0.06695708157170871
    ],
    [
      -0.9955822560949886,
      0.05039361948626997,
      0.07922407755149663,
      0.019232927922331288
    ],
    [
      0.07341003895013228,
      -0.10829514940110449,
      0.991404623147145,
      -0.10512756418284061
    ],
    [
      0.0,
      0.0,
      0.0,
      1.0
    ]
  ],
  "rotation_matrix": [
    [
      0.058540050650410125,
      0.9928406940346802,
      0.10411733159557023
    ],
    [
      -0.9955822560949886,
      0.05039361948626997,
      0.07922407755149663
    ],
    [
      0.07341003895013228,
      -0.10829514940110449,
      0.991404623147145
    ]
  ],
  "quaternion": {
    "x": -0.06469506939673839,
    "y": 0.01059416925382651,
    "z": -0.6860158440244775,
    "w": 0.7246271960953137
  },
  "translation": [
    -0.06695708157170871,
    0.019232927922331288,
    -0.10512756418284061
  ],
  "num_samples": 13
}