{
  "method": "Andreff1999",
  "mode": "Eye-in-Hand",
  "transformation_matrix": [
    [
      0.05895397799297841,
      0.9932425204901864,
      0.0999686149204115,
      -0.04033221996376087
    ],
    [
      -0.9958476391572332,
      0.05155702917200229,
      0.07502900990898347,
      0.011978502560315695
    ],
    [
      0.06936791811614566,
      -0.10397676775731943,
      0.9921577111039214,
      -0.14319491036575588
    ],
    [
      0.0,
      0.0,
      0.0,
      1.0
    ]
  ],
  "rotation_matrix": [
    [
      0.05895397799297841,
      0.9932425204901864,
      0.0999686149204115
    ],
    [
      -0.9958476391572332,
      0.05155702917200229,
      0.07502900990898347
    ],
    [
      0.06936791811614566,
      -0.10397676775731943,
      0.9921577111039214
    ]
  ],
  "quaternion": {
    "x": -0.06172365372581303,
    "y": 0.010551541061630516,
    "z": -0.6858656398921987,
    "w": 0.725029088773151
  },
  "translation": [
    -0.04033221996376087,
    0.011978502560315695,
    -0.14319491036575588
  ],
  "num_samples": 13
}