{
  "method": "Park1994",
  "mode": "Eye-in-Hand",
  "transformation_matrix": [
    [
      0.05989893311171982,
      0.9931898648183756,
      0.09993002668934764,
      -0.06835716791994612
    ],
    [
      -0.9958453695507291,
      0.0525786381681736,
      0.07434706956355625,
      0.020252539415054303
    ],
    [
      0.06858657125403922,
      -0.10396816450451106,
      0.9922129322948665,
      -0.11073639534327726
    ],
    [
      0.0,
      0.0,
      0.0,
      1.0
    ]
  ],
  "rotation_matrix": [
    [
      0.05989893311171982,
      0.9931898648183756,
      0.09993002668934764
    ],
    [
      -0.9958453695507291,
      0.0525786381681736,
      0.07434706956355625
    ],
    [
      0.06858657125403922,
      -0.10396816450451106,
      0.9922129322948665
    ]
  ],
  "quaternion": {
    "x": -0.0614560059080606,
    "y": 0.010802462237612597,
    "z": -0.6855172063878012,
    "w": 0.725377574711059
  },
  "translation": [
    -0.06835716791994612,
    0.020252539415054303,
    -0.11073639534327726
  ],
  "num_samples": 13
}