{
  "method": "Andreff1999",
  "mode": "Eye-in-Hand",
  "transformation_matrix": [
    [
      0.05895404420829964,
      0.9932425230512126,
      0.0999685504263571,
      -0.040332132221410764
    ],
    [
      -0.9958476347774537,
      0.05155709901983545,
      0.07502902004430723,
      0.011978476287627896
    ],
    [
      0.06936792471766666,
      -0.10397670865881575,
      0.992157716835808,
      -0.14319506478575594
    ],
    [
      0.0,
      0.0,
      0.0,
      1.0
    ]
  ],
  "rotation_matrix": [
    [
      0.05895404420829964,
      0.9932425230512126,
      0.0999685504263571
    ],
    [
      -0.9958476347774537,
      0.05155709901983545,
      0.07502902004430723
    ],
    [
      0.06936792471766666,
      -0.10397670865881575,
      0.992157716835808
    ]
  ],
  "quaternion": {
    "x": -0.06172363476144554,
    "y": 0.010551516191123763,
    "z": -0.6858656161391371,
    "w": 0.7250291132195906
  },
  "translation": [
    -0.040332132221410764,
    0.011978476287627896,
    -0.14319506478575594
  ],
  "num_samples": 13
}