{
  "method": "Horaud1995",
  "mode": "Eye-in-Hand",
  "transformation_matrix": [
    [
      0.059969373413902516,
      0.993162672433599,
      0.10015777721623151,
      -0.0683557101522207
    ],
    [
      -0.9958117682455011,
      0.05258696948111696,
      0.07478992488672029,
      0.02023778856935251
    ],
    [
      0.06901156769783673,
      -0.10422339816636389,
      0.9921566846010476,
      -0.11074239658451496
    ],
    [
      0.0,
      0.0,
      0.0,
      1.0
    ]
  ],
  "rotation_matrix": [
    [
      0.059969373413902516,
      0.993162672433599,
      0.10015777721623151
    ],
    [
      -0.9958117682455011,
      0.05258696948111696,
      0.07478992488672029
    ],
    [
      0.06901156769783673,
      -0.10422339816636389,
      0.9921566846010476
    ]
  ],
  "quaternion": {
    "x": -0.06169627081870121,
    "y": 0.010734424369369791,
    "z": -0.6854925859748646,
    "w": 0.7253814561139653
  },
  "translation": [
    -0.0683557101522207,
    0.02023778856935251,
    -0.11074239658451496
  ],
  "num_samples": 13
}