{
  "method": "Tsai1989",
  "mode": "Eye-in-Hand",
  "transformation_matrix": [
    [
      0.06953045200273356,
      0.9925547771952975,
      0.10000265252026543,
      -0.0685544918387744
    ],
    [
      -0.9951775272236524,
      0.06206085522912996,
      0.0759614346707963,
      0.019610933597637995
    ],
    [
      0.06918963472451818,
      -0.10480202533836047,
      0.9920833281189971,
      -0.11088327371855329
    ],
    [
      0.0,
      0.0,
      0.0,
      1.0
    ]
  ],
  "rotation_matrix": [
    [
      0.06953045200273356,
      0.9925547771952975,
      0.10000265252026543
    ],
    [
      -0.9951775272236524,
      0.06206085522912996,
      0.0759614346707963
    ],
    [
      0.06918963472451818,
      -0.10480202533836047,
      0.9920833281189971
    ]
  ],
  "quaternion": {
    "x": -0.06202069947728457,
    "y": 0.010572075333153366,
    "z": -0.681999270690067,
    "w": 0.7286416532409571
  },
  "translation": [
    -0.0685544918387744,
    0.019610933597637995,
    -0.11088327371855329
  ],
  "num_samples": 13
}