{
    "rgb_camera_info": {
        "header": {
            "stamp": {
                "sec": 1775361873,
                "nanosec": 132687744
            },
            "frame_id": "camera_color_optical_frame"
        },
        "height": 1080,
        "width": 1920,
        "distortion_model": "plumb_bob",
        "d": [
            0.0,
            0.0,
            0.0,
            0.0,
            0.0
        ],
        "k": [
            1366.6875,
            0.0,
            966.9807739257812,
            0.0,
            1365.5933837890625,
            558.5654296875,
            0.0,
            0.0,
            1.0
        ],
        "r": [
            1.0,
            0.0,
            0.0,
            0.0,
            1.0,
            0.0,
            0.0,
            0.0,
            1.0
        ],
        "p": [
            1366.6875,
            0.0,
            966.9807739257812,
            0.0,
            0.0,
            1365.5933837890625,
            558.5654296875,
            0.0,
            0.0,
            0.0,
            1.0,
            0.0
        ],
        "binning_x": 0,
        "binning_y": 0,
        "roi": {
            "x_offset": 0,
            "y_offset": 0,
            "height": 0,
            "width": 0,
            "do_rectify": false
        }
    }
}