{
  "method": "Tsai1989",
  "mode": "Eye-to-Hand",
  "transformation_matrix": [
    [
      0.9999997970677165,
      -0.0005254254983983445,
      0.00036026736108215154,
      219730989679394.66
    ],
    [
      0.0005253469725045,
      0.9999998382376837,
      0.0002180256058269637,
      2170687652900.0493
    ],
    [
      -0.00036038185901707395,
      -0.00021783629621509296,
      0.9999999113361279,
      -42175452366868.02
    ],
    [
      0.0,
      0.0,
      0.0,
      1.0
    ]
  ],
  "rotation_matrix": [
    [
      0.9999997970677165,
      -0.0005254254983983445,
      0.00036026736108215154
    ],
    [
      0.0005253469725045,
      0.9999998382376837,
      0.0002180256058269637
    ],
    [
      -0.00036038185901707395,
      -0.00021783629621509296,
      0.9999999113361279
    ]
  ],
  "quaternion": {
    "x": -0.00010896548168556738,
    "y": 0.00018016231523457067,
    "z": 0.0002626931326124812,
    "w": 0.9999999433301894
  },
  "translation": [
    219730989679394.66,
    2170687652900.0493,
    -42175452366868.02
  ],
  "num_samples": 13
}