{
  "method": "Park1994",
  "mode": "Eye-to-Hand",
  "transformation_matrix": [
    [
      -0.37126129725947976,
      0.05996712937485427,
      0.9071636125445366,
      142911910033039.25
    ],
    [
      -0.0036676336894743145,
      0.000592406140640378,
      0.008961730170994997,
      1411804129105.0493
    ],
    [
      0.07126038521528244,
      -0.01151017053052783,
      -0.1741221770644188,
      -27430698160017.56
    ],
    [
      0.0,
      0.0,
      0.0,
      1.0
    ]
  ],
  "rotation_matrix": [
    [
      -0.37126129725947976,
      0.05996712937485427,
      0.9071636125445366
    ],
    [
      -0.0036676336894743145,
      0.000592406140640378,
      0.008961730170994997
    ],
    [
      0.07126038521528244,
      -0.01151017053052783,
      -0.1741221770644188
    ]
  ],
  "quaternion": {
    "x": 0.03201755395739153,
    "y": 0.8791973279159082,
    "z": -0.001449299424892106,
    "w": 0.47537862210588455
  },
  "translation": [
    142911910033039.25,
    1411804129105.0493,
    -27430698160017.56
  ],
  "num_samples": 13
}