{
  "method": "Horaud1995",
  "mode": "Eye-to-Hand",
  "transformation_matrix": [
    [
      -0.5458445109436872,
      0.0225527905377233,
      0.8375829162009018,
      109920349273667.73
    ],
    [
      -0.0942434345450754,
      0.9916417221724146,
      -0.0881184991478845,
      1085885724062.6592
    ],
    [
      -0.8325694835374363,
      -0.1270356898115219,
      -0.5391567384317066,
      -21098255014737.867
    ],
    [
      0.0,
      0.0,
      0.0,
      1.0
    ]
  ],
  "rotation_matrix": [
    [
      -0.5458445109436872,
      0.0225527905377233,
      0.8375829162009018
    ],
    [
      -0.0942434345450754,
      0.9916417221724146,
      -0.0881184991478845
    ],
    [
      -0.8325694835374363,
      -0.1270356898115219,
      -0.5391567384317066
    ]
  ],
  "quaternion": {
    "x": -0.020435907831589245,
    "y": 0.877018097240275,
    "z": -0.061331171396700704,
    "w": 0.4760883512534777
  },
  "translation": [
    109920349273667.73,
    1085885724062.6592,
    -21098255014737.867
  ],
  "num_samples": 13
}