{
  "method": "Daniilidis1998",
  "mode": "Eye-to-Hand",
  "transformation_matrix": [
    [
      -0.7458945428971426,
      -0.22060908880051613,
      -0.6284687429099953,
      0.32808683977063735
    ],
    [
      -0.225631881184398,
      -0.8040790520406422,
      0.550042845842588,
      0.03379474122509609
    ],
    [
      -0.6266830020588188,
      0.5520765418019763,
      0.5499817332625851,
      0.004911300918940638
    ],
    [
      0.0,
      0.0,
      0.0,
      1.0
    ]
  ],
  "rotation_matrix": [
    [
      -0.7458945428971426,
      -0.22060908880051613,
      -0.6284687429099953
    ],
    [
      -0.225631881184398,
      -0.8040790520406422,
      0.550042845842588
    ],
    [
      -0.6266830020588188,
      0.5520765418019763,
      0.5499817332625851
    ]
  ],
  "quaternion": {
    "x": -0.3564417118832034,
    "y": 0.31298312957486824,
    "z": 0.8803345000907851,
    "w": -0.001426387465038542
  },
  "translation": [
    0.32808683977063735,
    0.03379474122509609,
    0.004911300918940638
  ],
  "num_samples": 13
}