{
  "stamp": {
    "sec": 1769669950,
    "nanosec": 664277832
  },
  "frame_id": "d435_color_optical_frame",
  "height": 480,
  "width": 640,
  "distortion_model": "plumb_bob",
  "d": [
    0.0,
    0.0,
    0.0,
    0.0,
    0.0
  ],
  "k": [
    605.1911010742188,
    0.0,
    314.19891357421875,
    0.0,
    605.1325073242188,
    251.68533325195312,
    0.0,
    0.0,
    1.0
  ],
  "r": [
    1.0,
    0.0,
    0.0,
    0.0,
    1.0,
    0.0,
    0.0,
    0.0,
    1.0
  ],
  "p": [
    605.1911010742188,
    0.0,
    314.19891357421875,
    0.0,
    0.0,
    605.1325073242188,
    251.68533325195312,
    0.0,
    0.0,
    0.0,
    1.0,
    0.0
  ],
  "binning_x": 0,
  "binning_y": 0,
  "roi": {
    "x_offset": 0,
    "y_offset": 0,
    "height": 0,
    "width": 0,
    "do_rectify": false
  }
}