{
  "width": 1280,
  "height": 720,
  "distortion_model": "plumb_bob",
  "d": [
    0.0,
    0.0,
    0.0,
    0.0,
    0.0
  ],
  "k": [
    907.78662109375,
    0.0,
    631.29833984375,
    0.0,
    907.69873046875,
    377.52801513671875,
    0.0,
    0.0,
    1.0
  ],
  "r": [
    1.0,
    0.0,
    0.0,
    0.0,
    1.0,
    0.0,
    0.0,
    0.0,
    1.0
  ],
  "p": [
    907.78662109375,
    0.0,
    631.29833984375,
    0.0,
    0.0,
    907.69873046875,
    377.52801513671875,
    0.0,
    0.0,
    0.0,
    1.0,
    0.0
  ],
  "frame_id": "camera_color_optical_frame",
  "binning_x": 0,
  "binning_y": 0,
  "roi": {
    "x_offset": 0,
    "y_offset": 0,
    "height": 0,
    "width": 0,
    "do_rectify": false
  }
}
